{
  "mean": {
    "SPY_return": 0.0005425252801611161,
    "QQQ_return": 0.0005517919132690991,
    "IWM_return": 0.0001755692588170205,
    "EFA_return": 0.0001560754525377778,
    "EEM_return": -0.00012196669561063478,
    "TLT_return": -0.0004961894368347502,
    "GLD_return": 0.0003191197751071301,
    "VNQ_return": 0.00020599766284558127,
    "069500_return": -0.00012966888652015716,
    "114260_return": 6.332254787506655e-05,
    "SPY_RSI": 49.893919569564645,
    "SPY_MACD": -1.0640890089512256e-05,
    "SPY_MACD_signal": -9.00454411687907e-06,
    "QQQ_RSI": 49.919539512529,
    "QQQ_MACD": -8.904106191383327e-06,
    "QQQ_MACD_signal": -6.11727094993961e-06,
    "IWM_RSI": 49.93666349315161,
    "IWM_MACD": -4.497310364409947e-05,
    "IWM_MACD_signal": -4.25050278899505e-05,
    "EFA_RSI": 49.912181037677406,
    "EFA_MACD": -2.5128178018560522e-05,
    "EFA_MACD_signal": -2.448430418206182e-05,
    "EEM_RSI": 49.928395314928565,
    "EEM_MACD": -2.1250758802361505e-05,
    "EEM_MACD_signal": -2.1054061589919964e-05,
    "TLT_RSI": 49.97887720872435,
    "TLT_MACD": -1.167316175443586e-05,
    "TLT_MACD_signal": -7.123382978122455e-06,
    "GLD_RSI": 50.004278913128005,
    "GLD_MACD": -8.291874052890812e-06,
    "GLD_MACD_signal": -4.208855013614535e-06,
    "VNQ_RSI": 49.92143266748877,
    "VNQ_MACD": -2.3890174606264353e-05,
    "VNQ_MACD_signal": -2.1327355735739485e-05,
    "069500_RSI": 49.92344494205157,
    "069500_MACD": -4.063985880233746e-05,
    "069500_MACD_signal": -3.89106350439199e-05,
    "114260_RSI": 49.9566669116217,
    "114260_MACD": 9.009342360202495e-07,
    "114260_MACD_signal": 1.6259219845789162e-06
  },
  "std": {
    "SPY_return": 0.010506035646489815,
    "QQQ_return": 0.014244063977815382,
    "IWM_return": 0.014712339688397458,
    "EFA_return": 0.010128472394364521,
    "EEM_return": 0.011810199276952217,
    "TLT_return": 0.010850186712566606,
    "GLD_return": 0.009316440073877741,
    "VNQ_return": 0.012421720618273195,
    "069500_return": 0.011679604805311855,
    "114260_return": 0.0017769480161879106,
    "SPY_RSI": 3.2763511957356224,
    "SPY_MACD": 0.0013129139377772265,
    "SPY_MACD_signal": 0.0008400458850497038,
    "QQQ_RSI": 3.2477330844657084,
    "QQQ_MACD": 0.001780130578037805,
    "QQQ_MACD_signal": 0.0011520830114625452,
    "IWM_RSI": 3.275452696609291,
    "IWM_MACD": 0.0018571360457049714,
    "IWM_MACD_signal": 0.001174187060074582,
    "EFA_RSI": 3.2483361736106384,
    "EFA_MACD": 0.001333156236886782,
    "EFA_MACD_signal": 0.000878463731503029,
    "EEM_RSI": 3.2270223941205414,
    "EEM_MACD": 0.0014972945084224575,
    "EEM_MACD_signal": 0.0009607614695123859,
    "TLT_RSI": 3.2343511092979704,
    "TLT_MACD": 0.0012931223700263117,
    "TLT_MACD_signal": 0.0008453413751574674,
    "GLD_RSI": 3.3250503594225274,
    "GLD_MACD": 0.0011990604300318884,
    "GLD_MACD_signal": 0.0007746408624946698,
    "VNQ_RSI": 3.349036384649923,
    "VNQ_MACD": 0.0016294171036214888,
    "VNQ_MACD_signal": 0.0011030136265215674,
    "069500_RSI": 3.3054077832087576,
    "069500_MACD": 0.0014615178222003983,
    "069500_MACD_signal": 0.0009498952753574203,
    "114260_RSI": 3.167768740605693,
    "114260_MACD": 0.0002088135050005384,
    "114260_MACD_signal": 0.0001386251503425482
  }
}