{
  "mean": {
    "SPY_return": 0.0006889058258140698,
    "QQQ_return": 0.000992094171259119,
    "IWM_return": 0.0004683667449700695,
    "EFA_return": 0.00024540512227244176,
    "EEM_return": 9.78829213669125e-05,
    "TLT_return": 0.0003380043123406426,
    "GLD_return": 0.0003209991738944626,
    "VNQ_return": 0.0006506601302714705,
    "069500_return": 0.0003416407147774731,
    "114260_return": 7.65931121525867e-05,
    "SPY_RSI": 49.83552736551789,
    "SPY_MACD": -9.548951925684441e-06,
    "SPY_MACD_signal": -2.839653213531231e-05,
    "QQQ_RSI": 49.86244807200479,
    "QQQ_MACD": -2.165550936962103e-05,
    "QQQ_MACD_signal": -4.061499028607827e-05,
    "IWM_RSI": 49.844648855231405,
    "IWM_MACD": -1.4387889021801196e-05,
    "IWM_MACD_signal": -3.1349390573111194e-05,
    "EFA_RSI": 49.86958213763453,
    "EFA_MACD": -1.0672534209041172e-05,
    "EFA_MACD_signal": -2.984794091363037e-05,
    "EEM_RSI": 49.90519564172909,
    "EEM_MACD": -2.973427045324949e-05,
    "EEM_MACD_signal": -5.0025232403215246e-05,
    "TLT_RSI": 50.04588676895962,
    "TLT_MACD": 1.2457760832457469e-05,
    "TLT_MACD_signal": 1.202027672544445e-05,
    "GLD_RSI": 50.048414450463795,
    "GLD_MACD": -4.224219227046197e-06,
    "GLD_MACD_signal": -9.722257304249846e-06,
    "VNQ_RSI": 49.94657826072843,
    "VNQ_MACD": 3.241188234395735e-05,
    "VNQ_MACD_signal": 2.0239535238889797e-05,
    "069500_RSI": 49.92672804470197,
    "069500_MACD": 6.954287912621241e-06,
    "069500_MACD_signal": -6.333611525212534e-06,
    "114260_RSI": 49.958738538277,
    "114260_MACD": 1.9232888962936276e-06,
    "114260_MACD_signal": 2.349010562879213e-06
  },
  "std": {
    "SPY_return": 0.01350851008841907,
    "QQQ_return": 0.01577126991109245,
    "IWM_return": 0.01714285686804381,
    "EFA_return": 0.012510059047153277,
    "EEM_return": 0.015068494985551188,
    "TLT_return": 0.009703862022592965,
    "GLD_return": 0.009221166436817564,
    "VNQ_return": 0.016205344078552893,
    "069500_return": 0.012680920633002852,
    "114260_return": 0.0008495364349132091,
    "SPY_RSI": 3.325647387589928,
    "SPY_MACD": 0.0016032721447726288,
    "SPY_MACD_signal": 0.0010958613824469854,
    "QQQ_RSI": 3.266074399069037,
    "QQQ_MACD": 0.0018019455245252827,
    "QQQ_MACD_signal": 0.0011926847037590504,
    "IWM_RSI": 3.2767011542725606,
    "IWM_MACD": 0.002195607122422763,
    "IWM_MACD_signal": 0.0014948268747485977,
    "EFA_RSI": 3.217438504128467,
    "EFA_MACD": 0.0015779180089215495,
    "EFA_MACD_signal": 0.001081336048377362,
    "EEM_RSI": 3.1649202478803757,
    "EEM_MACD": 0.001736821351117732,
    "EEM_MACD_signal": 0.001141712782130037,
    "TLT_RSI": 3.2983588929277423,
    "TLT_MACD": 0.0010954544925303475,
    "TLT_MACD_signal": 0.0006499412268207474,
    "GLD_RSI": 3.3176378459533638,
    "GLD_MACD": 0.0011485524546939894,
    "GLD_MACD_signal": 0.0007059828447203303,
    "VNQ_RSI": 3.2781238005947384,
    "VNQ_MACD": 0.0020727053985111535,
    "VNQ_MACD_signal": 0.0013717298567846722,
    "069500_RSI": 3.289793548328563,
    "069500_MACD": 0.0016890199300822772,
    "069500_MACD_signal": 0.0011466927571004795,
    "114260_RSI": 3.2289023538456836,
    "114260_MACD": 9.864019893903989e-05,
    "114260_MACD_signal": 6.448884405534435e-05
  }
}