{
  "mean": {
    "SPY_return": 0.0005259763360573922,
    "QQQ_return": 0.00060704294126121,
    "IWM_return": 0.00034058089399911204,
    "EFA_return": 0.0002479615565159758,
    "EEM_return": 6.96504096786428e-05,
    "TLT_return": -0.00011254092857501712,
    "GLD_return": 0.0003476745169096213,
    "VNQ_return": 0.0002638236809299551,
    "069500_return": 0.00020091030825454767,
    "114260_return": 1.4080690551133122e-05,
    "SPY_RSI": 49.86137459029755,
    "SPY_MACD": 2.0183677878158418e-05,
    "SPY_MACD_signal": 2.025325730188573e-05,
    "QQQ_RSI": 49.88444208801294,
    "QQQ_MACD": 1.0747836964936682e-05,
    "QQQ_MACD_signal": 1.400608173835948e-05,
    "IWM_RSI": 49.87966355431867,
    "IWM_MACD": 2.6410725638305892e-05,
    "IWM_MACD_signal": 2.514380151277938e-05,
    "EFA_RSI": 49.87797652279126,
    "EFA_MACD": 2.5365927543976313e-05,
    "EFA_MACD_signal": 2.838594854811509e-05,
    "EEM_RSI": 49.904111327840006,
    "EEM_MACD": 1.4006988517531346e-05,
    "EEM_MACD_signal": 1.5998594826540594e-05,
    "TLT_RSI": 50.015500273333664,
    "TLT_MACD": -1.6092990874972108e-05,
    "TLT_MACD_signal": -4.898355455158136e-06,
    "GLD_RSI": 50.04049839009654,
    "GLD_MACD": -1.3063422768776373e-07,
    "GLD_MACD_signal": 3.3781962640844933e-06,
    "VNQ_RSI": 49.91950087562516,
    "VNQ_MACD": 1.5207739821786158e-05,
    "VNQ_MACD_signal": 1.098655421478331e-05,
    "069500_RSI": 49.90351697064188,
    "069500_MACD": -1.5952460424216078e-06,
    "069500_MACD_signal": 2.9749740514683744e-06,
    "114260_RSI": 49.92763510778034,
    "114260_MACD": 4.792982853597584e-07,
    "114260_MACD_signal": 1.3043846752609365e-06
  },
  "std": {
    "SPY_return": 0.014538917021465484,
    "QQQ_return": 0.017246538937986864,
    "IWM_return": 0.018328596009729786,
    "EFA_return": 0.013605343529602217,
    "EEM_return": 0.015425342723070033,
    "TLT_return": 0.011260740496629933,
    "GLD_return": 0.009892734443941733,
    "VNQ_return": 0.017179123417843046,
    "069500_return": 0.013176020909260313,
    "114260_return": 0.001486991455308885,
    "SPY_RSI": 3.2611867380413995,
    "SPY_MACD": 0.001750793020430611,
    "SPY_MACD_signal": 0.001181648690214078,
    "QQQ_RSI": 3.2189714253046944,
    "QQQ_MACD": 0.0020158871057649927,
    "QQQ_MACD_signal": 0.0013317207746902121,
    "IWM_RSI": 3.2552074608763366,
    "IWM_MACD": 0.0023299712660293003,
    "IWM_MACD_signal": 0.001571462478947218,
    "EFA_RSI": 3.243321034307526,
    "EFA_MACD": 0.0017479115631432334,
    "EFA_MACD_signal": 0.0011881298718040894,
    "EEM_RSI": 3.2456763996432314,
    "EEM_MACD": 0.001821017591714724,
    "EEM_MACD_signal": 0.0011956373972841039,
    "TLT_RSI": 3.273225546387291,
    "TLT_MACD": 0.0012774424658559614,
    "TLT_MACD_signal": 0.0007789131117377597,
    "GLD_RSI": 3.383882667807449,
    "GLD_MACD": 0.001248837658126419,
    "GLD_MACD_signal": 0.0007764760883487965,
    "VNQ_RSI": 3.36950916782798,
    "VNQ_MACD": 0.0022437998149570674,
    "VNQ_MACD_signal": 0.0015087279263665569,
    "069500_RSI": 3.271916886578102,
    "069500_MACD": 0.001758068425270522,
    "069500_MACD_signal": 0.0012064119261920587,
    "114260_RSI": 3.291476488049749,
    "114260_MACD": 0.00017918394879188498,
    "114260_MACD_signal": 0.00011810646305287421
  }
}