{
  "mean": {
    "SPY_return": 0.0004796839066106515,
    "QQQ_return": 0.000718803773856092,
    "IWM_return": 0.0002748163056753349,
    "EFA_return": 0.00020774799089375625,
    "EEM_return": -2.262212847397973e-05,
    "TLT_return": -0.00023897947983608415,
    "GLD_return": 0.00030835313716344654,
    "VNQ_return": 0.00012530147504363727,
    "069500_return": 0.0002924765539019921,
    "114260_return": 4.213341887692939e-05,
    "SPY_RSI": 49.88784612007672,
    "SPY_MACD": 5.747844097158715e-06,
    "SPY_MACD_signal": 6.170282533716979e-06,
    "QQQ_RSI": 49.91147532294997,
    "QQQ_MACD": 5.1110253783373065e-06,
    "QQQ_MACD_signal": 5.938903671628398e-06,
    "IWM_RSI": 49.893359282820526,
    "IWM_MACD": 2.5268883088957258e-05,
    "IWM_MACD_signal": 2.1060757136461506e-05,
    "EFA_RSI": 49.89900269647267,
    "EFA_MACD": 9.471094799624818e-06,
    "EFA_MACD_signal": 8.428494920575525e-06,
    "EEM_RSI": 49.92019201987966,
    "EEM_MACD": -6.826453563940986e-06,
    "EEM_MACD_signal": -6.179930416312702e-06,
    "TLT_RSI": 50.02624148668585,
    "TLT_MACD": 3.21189777989879e-05,
    "TLT_MACD_signal": 3.118350178570647e-05,
    "GLD_RSI": 50.02533931694381,
    "GLD_MACD": 3.572233230851483e-06,
    "GLD_MACD_signal": 5.48803636015742e-06,
    "VNQ_RSI": 49.928314829630764,
    "VNQ_MACD": 3.298793178123798e-05,
    "VNQ_MACD_signal": 3.454433521333935e-05,
    "069500_RSI": 49.92665316139015,
    "069500_MACD": 2.640455313733191e-06,
    "069500_MACD_signal": 1.6506085423925943e-06,
    "114260_RSI": 49.93724817133823,
    "114260_MACD": 4.211468212640424e-06,
    "114260_MACD_signal": 3.9997899346735525e-06
  },
  "std": {
    "SPY_return": 0.014573973199656143,
    "QQQ_return": 0.01739616736650315,
    "IWM_return": 0.018786111885428267,
    "EFA_return": 0.013812422391733572,
    "EEM_return": 0.0154518447996608,
    "TLT_return": 0.012055380628277964,
    "GLD_return": 0.010147668464106877,
    "VNQ_return": 0.0179389584876111,
    "069500_return": 0.013453826932803035,
    "114260_return": 0.001740996330204633,
    "SPY_RSI": 3.2652860684833307,
    "SPY_MACD": 0.0017598870678150961,
    "SPY_MACD_signal": 0.0011836795744986836,
    "QQQ_RSI": 3.2313484981792557,
    "QQQ_MACD": 0.0020607475779674854,
    "QQQ_MACD_signal": 0.0013621075959369046,
    "IWM_RSI": 3.314012329308359,
    "IWM_MACD": 0.0023665474815691115,
    "IWM_MACD_signal": 0.0015947833373942033,
    "EFA_RSI": 3.258686794178381,
    "EFA_MACD": 0.001776216925904135,
    "EFA_MACD_signal": 0.001204028679215616,
    "EEM_RSI": 3.1966480384604394,
    "EEM_MACD": 0.0018150376146757656,
    "EEM_MACD_signal": 0.0011775853440947523,
    "TLT_RSI": 3.2623575863758187,
    "TLT_MACD": 0.001342168095269821,
    "TLT_MACD_signal": 0.0008271368343190658,
    "GLD_RSI": 3.4419255955293555,
    "GLD_MACD": 0.0013035523505735725,
    "GLD_MACD_signal": 0.0008234102957294387,
    "VNQ_RSI": 3.367235417908799,
    "VNQ_MACD": 0.002334838497382027,
    "VNQ_MACD_signal": 0.0015733048903086254,
    "069500_RSI": 3.2978244719471848,
    "069500_MACD": 0.0017538230228089534,
    "069500_MACD_signal": 0.0011854942405215706,
    "114260_RSI": 3.224424902807297,
    "114260_MACD": 0.00020424326153569824,
    "114260_MACD_signal": 0.00013470535359803314
  }
}